{
    "name": "root",
    "gauges": {
        "Toio.Policy.Entropy.mean": {
            "value": 0.42446133494377136,
            "min": 0.24113622307777405,
            "max": 0.43868303298950195,
            "count": 52
        },
        "Toio.Policy.Entropy.sum": {
            "value": 4132.97998046875,
            "min": 2138.137451171875,
            "max": 4513.47265625,
            "count": 52
        },
        "Toio.Environment.EpisodeLength.mean": {
            "value": 136.32876712328766,
            "min": 101.63736263736264,
            "max": 300.8,
            "count": 52
        },
        "Toio.Environment.EpisodeLength.sum": {
            "value": 9952.0,
            "min": 9002.0,
            "max": 10763.0,
            "count": 52
        },
        "Toio.Step.mean": {
            "value": 1059718.0,
            "min": 549379.0,
            "max": 1059718.0,
            "count": 52
        },
        "Toio.Step.sum": {
            "value": 1059718.0,
            "min": 549379.0,
            "max": 1059718.0,
            "count": 52
        },
        "Toio.Policy.ExtrinsicValueEstimate.mean": {
            "value": 0.3578168749809265,
            "min": 0.13800162076950073,
            "max": 0.45758748054504395,
            "count": 52
        },
        "Toio.Policy.ExtrinsicValueEstimate.sum": {
            "value": 26.12063217163086,
            "min": 6.348074436187744,
            "max": 38.38574981689453,
            "count": 52
        },
        "Toio.Environment.CumulativeReward.mean": {
            "value": 0.6176712030340752,
            "min": 0.12360710454439479,
            "max": 0.7458461333465364,
            "count": 52
        },
        "Toio.Environment.CumulativeReward.sum": {
            "value": 45.089997821487486,
            "min": 4.439997749403119,
            "max": 67.8719981345348,
            "count": 52
        },
        "Toio.Policy.ExtrinsicReward.mean": {
            "value": 0.6176712030340752,
            "min": 0.12360710454439479,
            "max": 0.7458461333465364,
            "count": 52
        },
        "Toio.Policy.ExtrinsicReward.sum": {
            "value": 45.089997821487486,
            "min": 4.439997749403119,
            "max": 67.8719981345348,
            "count": 52
        },
        "Toio.Losses.PolicyLoss.mean": {
            "value": 0.06871486488024756,
            "min": 0.060180137903004235,
            "max": 0.07725149711848772,
            "count": 52
        },
        "Toio.Losses.PolicyLoss.sum": {
            "value": 0.2748594595209902,
            "min": 0.2046964415311714,
            "max": 0.3742435091837523,
            "count": 52
        },
        "Toio.Losses.ValueLoss.mean": {
            "value": 0.02020173322123761,
            "min": 0.009868666790482719,
            "max": 0.027172692316049053,
            "count": 52
        },
        "Toio.Losses.ValueLoss.sum": {
            "value": 0.08080693288495044,
            "min": 0.039474667161930876,
            "max": 0.12952103608917884,
            "count": 52
        },
        "Toio.Policy.LearningRate.mean": {
            "value": 0.00014180926523026246,
            "min": 0.00014180926523026246,
            "max": 0.00021812477729175002,
            "count": 52
        },
        "Toio.Policy.LearningRate.sum": {
            "value": 0.0005672370609210498,
            "min": 0.0005285609738130499,
            "max": 0.0010839383886872501,
            "count": 52
        },
        "Toio.Policy.Epsilon.mean": {
            "value": 0.1472697375,
            "min": 0.1472697375,
            "max": 0.17270824999999998,
            "count": 52
        },
        "Toio.Policy.Epsilon.sum": {
            "value": 0.58907895,
            "min": 0.47618695,
            "max": 0.8613127500000001,
            "count": 52
        },
        "Toio.Policy.Beta.mean": {
            "value": 0.0004779704012500001,
            "min": 0.0004779704012500001,
            "max": 0.0007298116749999999,
            "count": 52
        },
        "Toio.Policy.Beta.sum": {
            "value": 0.0019118816050000004,
            "min": 0.0017742508050000005,
            "max": 0.0036269962250000004,
            "count": 52
        },
        "Toio.IsTraining.mean": {
            "value": 1.0,
            "min": 1.0,
            "max": 1.0,
            "count": 52
        },
        "Toio.IsTraining.sum": {
            "value": 1.0,
            "min": 1.0,
            "max": 1.0,
            "count": 52
        }
    },
    "metadata": {
        "timer_format_version": "0.1.0",
        "start_time_seconds": "1665805565",
        "python_version": "3.7.13 (default, Mar 28 2022, 08:03:21) [MSC v.1916 64 bit (AMD64)]",
        "command_line_arguments": "C:\\Users\\shunsuke\\anaconda3\\envs\\mlagents\\Scripts\\mlagents-learn config/Toio.yaml --run-id=ToioNoVolume-4 --env=apps/ToioNoVolume --num-envs=4 --no-graphics --time-scale=1 --resume",
        "mlagents_version": "0.28.0",
        "mlagents_envs_version": "0.28.0",
        "communication_protocol_version": "1.5.0",
        "pytorch_version": "1.7.1+cu110",
        "numpy_version": "1.21.6",
        "end_time_seconds": "1665807476"
    },
    "total": 1911.6225708000002,
    "count": 1,
    "self": 4.740637400000196,
    "children": {
        "run_training.setup": {
            "total": 0.2478826999999999,
            "count": 1,
            "self": 0.2478826999999999
        },
        "TrainerController.start_learning": {
            "total": 1906.6340507,
            "count": 1,
            "self": 15.660353100031898,
            "children": {
                "TrainerController._reset_env": {
                    "total": 3.2222338,
                    "count": 1,
                    "self": 3.2222338
                },
                "TrainerController.advance": {
                    "total": 1887.6514519999685,
                    "count": 275312,
                    "self": 13.877533399988806,
                    "children": {
                        "env_step": {
                            "total": 1584.700044099987,
                            "count": 275312,
                            "self": 423.104905899957,
                            "children": {
                                "SubprocessEnvManager._take_step": {
                                    "total": 1151.4022589000308,
                                    "count": 530007,
                                    "self": 48.77547039997489,
                                    "children": {
                                        "TorchPolicy.evaluate": {
                                            "total": 1102.626788500056,
                                            "count": 526779,
                                            "self": 251.80129210001235,
                                            "children": {
                                                "TorchPolicy.sample_actions": {
                                                    "total": 850.8254964000436,
                                                    "count": 526779,
                                                    "self": 850.8254964000436
                                                }
                                            }
                                        }
                                    }
                                },
                                "workers": {
                                    "total": 10.192879299999348,
                                    "count": 275311,
                                    "self": 0.0,
                                    "children": {
                                        "worker_root": {
                                            "total": 7590.912251199923,
                                            "count": 530003,
                                            "is_parallel": true,