{
    "name": "root",
    "gauges": {
        "Hackathon.Policy.Entropy.mean": {
            "value": 0.1311742514371872,
            "min": 0.08507843315601349,
            "max": 1.5002310276031494,
            "count": 78
        },
        "Hackathon.Policy.Entropy.sum": {
            "value": 1309.6436767578125,
            "min": 850.7843627929688,
            "max": 15170.3359375,
            "count": 78
        },
        "Hackathon.Step.mean": {
            "value": 779985.0,
            "min": 9984.0,
            "max": 779985.0,
            "count": 78
        },
        "Hackathon.Step.sum": {
            "value": 779985.0,
            "min": 9984.0,
            "max": 779985.0,
            "count": 78
        },
        "Hackathon.Policy.ExtrinsicValueEstimate.mean": {
            "value": 0.702785849571228,
            "min": -0.22568701207637787,
            "max": 0.8205351829528809,
            "count": 78
        },
        "Hackathon.Policy.ExtrinsicValueEstimate.sum": {
            "value": 148.28781127929688,
            "min": -39.26953887939453,
            "max": 181.80569458007812,
            "count": 78
        },
        "Hackathon.Losses.PolicyLoss.mean": {
            "value": 0.24780470879229421,
            "min": 0.23692450782450988,
            "max": 0.25517676748162427,
            "count": 78
        },
        "Hackathon.Losses.PolicyLoss.sum": {
            "value": 19.080962577006655,
            "min": 5.3579437185708105,
            "max": 19.848145657723073,
            "count": 78
        },
        "Hackathon.Losses.ValueLoss.mean": {
            "value": 0.0170092524060715,
            "min": 0.00017581175308700167,
            "max": 0.02273450614957423,
            "count": 78
        },
        "Hackathon.Losses.ValueLoss.sum": {
            "value": 1.3097124352675054,
            "min": 0.0036920468148270353,
            "max": 1.7278224673676414,
            "count": 78
        },
        "Hackathon.Policy.LearningRate.mean": {
            "value": 0.00018375437706024222,
            "min": 0.00018375437706024222,
            "max": 0.0002992210288310856,
            "count": 78
        },
        "Hackathon.Policy.LearningRate.sum": {
            "value": 0.01414908703363865,
            "min": 0.006283641605452798,
            "max": 0.022522446142518054,
            "count": 78
        },
        "Hackathon.Policy.Epsilon.mean": {
            "value": 0.16125144610389608,
            "min": 0.16125144610389608,
            "max": 0.19974034285714284,
            "count": 78
        },
        "Hackathon.Policy.Epsilon.sum": {
            "value": 12.416361349999999,
            "min": 4.1945472,
            "max": 15.30748195,
            "count": 78
        },
        "Hackathon.Policy.Beta.mean": {
            "value": 0.0005000000000000001,
            "min": 0.0005,
            "max": 0.0005000000000000001,
            "count": 78
        },
        "Hackathon.Policy.Beta.sum": {
            "value": 0.038500000000000006,
            "min": 0.010500000000000002,
            "max": 0.04000000000000001,
            "count": 78
        },
        "Hackathon.Environment.EpisodeLength.mean": {
            "value": 86.82758620689656,
            "min": 67.8551724137931,
            "max": 399.0,
            "count": 78
        },
        "Hackathon.Environment.EpisodeLength.sum": {
            "value": 10072.0,
            "min": 9210.0,
            "max": 10909.0,
            "count": 78
        },
        "Hackathon.Environment.CumulativeReward.mean": {
            "value": 1.0221434545905694,
            "min": -0.975000069787105,
            "max": 1.1242705426395756,
            "count": 78
        },
        "Hackathon.Environment.CumulativeReward.sum": {
            "value": 117.54649727791548,
            "min": -23.400001674890518,
            "max": 164.14349922537804,
            "count": 78
        },
        "Hackathon.Policy.ExtrinsicReward.mean": {
            "value": 1.0221434545905694,
            "min": -0.975000069787105,
            "max": 1.1242705426395756,
            "count": 78
        },
        "Hackathon.Policy.ExtrinsicReward.sum": {
            "value": 117.54649727791548,
            "min": -23.400001674890518,
            "max": 164.14349922537804,
            "count": 78
        },
        "Hackathon.IsTraining.mean": {
            "value": 1.0,
            "min": 1.0,
            "max": 1.0,
            "count": 78
        },
        "Hackathon.IsTraining.sum": {
            "value": 1.0,
            "min": 1.0,
            "max": 1.0,
            "count": 78
        }
    },
    "metadata": {
        "timer_format_version": "0.1.0",
        "start_time_seconds": "1677549994",
        "python_version": "3.7.13 (default, Mar 28 2022, 08:03:21) [MSC v.1916 64 bit (AMD64)]",
        "command_line_arguments": "C:\\Users\\shunsuke\\anaconda3\\envs\\mlagents\\Scripts\\mlagents-learn config/hackathon.yaml --run-id=hackathon-3",
        "mlagents_version": "0.28.0",
        "mlagents_envs_version": "0.28.0",
        "communication_protocol_version": "1.5.0",
        "pytorch_version": "1.7.1+cu110",
        "numpy_version": "1.21.6",
        "end_time_seconds": "1677552525"
    },
    "total": 2531.0952171999998,
    "count": 1,
    "self": 0.007566899999801535,
    "children": {
        "run_training.setup": {
            "total": 0.09012379999999998,
            "count": 1,
            "self": 0.09012379999999998
        },
        "TrainerController.start_learning": {
            "total": 2530.9975265,
            "count": 1,
            "self": 2.4355052000200885,
            "children": {
                "TrainerController._reset_env": {
                    "total": 6.0520344,
                    "count": 1,
                    "self": 6.0520344
                },
                "TrainerController.advance": {
                    "total": 2522.4577050999796,
                    "count": 105343,
                    "self": 2.3365345000029265,
                    "children": {
                        "env_step": {
                            "total": 1276.2976919999876,
                            "count": 105343,
                            "self": 1151.1931390999532,
                            "children": {
                                "SubprocessEnvManager._take_step": {
                                    "total": 123.62932160002438,
                                    "count": 105343,
                                    "self": 5.702735800038596,
                                    "children": {
                                        "TorchPolicy.evaluate": {
                                            "total": 117.92658579998579,
                                            "count": 98315,
                                            "self": 28.564273099988554,
                                            "children": {
                                                "TorchPolicy.sample_actions": {
                                                    "total": 89.36231269999723,
                                                    "count": 98315,
                                                    "self": 89.36231269999723
                                                }
                                            }
                                        }
                                    }
                                },
                                "workers": {
                                    "total": 1.4752313000100905,
                                    "count": 105342,
                                    "self": 0.0,
                                    "children": {
                                        "worker_root": {
                                            "total": 2521.4003844000563,
                                            "count": 105342,
                                            "is_parallel": true,