{
    "name": "root",
    "gauges": {
        "Toio.Policy.Entropy.mean": {
            "value": 0.2947935163974762,
            "min": 0.14524900913238525,
            "max": 0.44822895526885986,
            "count": 37
        },
        "Toio.Policy.Entropy.sum": {
            "value": 2905.190185546875,
            "min": 1144.4169921875,
            "max": 4550.42041015625,
            "count": 37
        },
        "Toio.Environment.EpisodeLength.mean": {
            "value": 137.73611111111111,
            "min": 90.54639175257732,
            "max": 310.90625,
            "count": 37
        },
        "Toio.Environment.EpisodeLength.sum": {
            "value": 9917.0,
            "min": 8783.0,
            "max": 10695.0,
            "count": 37
        },
        "Toio.Step.mean": {
            "value": 1029809.0,
            "min": 669879.0,
            "max": 1029809.0,
            "count": 37
        },
        "Toio.Step.sum": {
            "value": 1029809.0,
            "min": 669879.0,
            "max": 1029809.0,
            "count": 37
        },
        "Toio.Policy.ExtrinsicValueEstimate.mean": {
            "value": 0.5105443000793457,
            "min": 0.2808012366294861,
            "max": 0.5914592742919922,
            "count": 37
        },
        "Toio.Policy.ExtrinsicValueEstimate.sum": {
            "value": 36.75918960571289,
            "min": 13.138846397399902,
            "max": 44.31117630004883,
            "count": 37
        },
        "Toio.Environment.CumulativeReward.mean": {
            "value": 0.6920555277805155,
            "min": 0.20056243834551424,
            "max": 0.8517096517307143,
            "count": 37
        },
        "Toio.Environment.CumulativeReward.sum": {
            "value": 49.82799800019711,
            "min": 6.417998027056456,
            "max": 68.02399783208966,
            "count": 37
        },
        "Toio.Policy.ExtrinsicReward.mean": {
            "value": 0.6920555277805155,
            "min": 0.20056243834551424,
            "max": 0.8517096517307143,
            "count": 37
        },
        "Toio.Policy.ExtrinsicReward.sum": {
            "value": 49.82799800019711,
            "min": 6.417998027056456,
            "max": 68.02399783208966,
            "count": 37
        },
        "Toio.Losses.PolicyLoss.mean": {
            "value": 0.0721973873495668,
            "min": 0.06334979171134321,
            "max": 0.07432853223372608,
            "count": 37
        },
        "Toio.Losses.PolicyLoss.sum": {
            "value": 0.36098693674783394,
            "min": 0.21137125563109294,
            "max": 0.37164266116863043,
            "count": 37
        },
        "Toio.Losses.ValueLoss.mean": {
            "value": 0.015042197702838803,
            "min": 0.007626864654412202,
            "max": 0.030176925785943037,
            "count": 37
        },
        "Toio.Losses.ValueLoss.sum": {
            "value": 0.07521098851419401,
            "min": 0.03050745861764881,
            "max": 0.13757941609130062,
            "count": 37
        },
        "Toio.Policy.LearningRate.mean": {
            "value": 0.00014629919123362002,
            "min": 0.00014629919123362002,
            "max": 0.00020017118327628333,
            "count": 37
        },
        "Toio.Policy.LearningRate.sum": {
            "value": 0.0007314959561681001,
            "min": 0.0005913377028875,
            "max": 0.0009939103686966001,
            "count": 37
        },
        "Toio.Policy.Epsilon.mean": {
            "value": 0.14876638,
            "min": 0.14876638,
            "max": 0.16672371666666663,
            "count": 37
        },
        "Toio.Policy.Epsilon.sum": {
            "value": 0.7438319,
            "min": 0.5001711499999999,
            "max": 0.8313034,
            "count": 37
        },
        "Toio.Policy.Beta.mean": {
            "value": 0.000492787162,
            "min": 0.000492787162,
            "max": 0.000670564795,
            "count": 37
        },
        "Toio.Policy.Beta.sum": {
            "value": 0.00246393581,
            "min": 0.0019914137499999996,
            "max": 0.0033299036600000003,
            "count": 37
        },
        "Toio.IsTraining.mean": {
            "value": 1.0,
            "min": 1.0,
            "max": 1.0,
            "count": 37
        },
        "Toio.IsTraining.sum": {
            "value": 1.0,
            "min": 1.0,
            "max": 1.0,
            "count": 37
        }
    },
    "metadata": {
        "timer_format_version": "0.1.0",
        "start_time_seconds": "1665807485",
        "python_version": "3.7.13 (default, Mar 28 2022, 08:03:21) [MSC v.1916 64 bit (AMD64)]",
        "command_line_arguments": "C:\\Users\\shunsuke\\anaconda3\\envs\\mlagents\\Scripts\\mlagents-learn config/Toio.yaml --run-id=ToioNoVolume-5 --env=apps/ToioNoVolume --num-envs=4 --no-graphics --time-scale=1 --resume",
        "mlagents_version": "0.28.0",
        "mlagents_envs_version": "0.28.0",
        "communication_protocol_version": "1.5.0",
        "pytorch_version": "1.7.1+cu110",
        "numpy_version": "1.21.6",
        "end_time_seconds": "1665808805"
    },
    "total": 1320.1715534,
    "count": 1,
    "self": 0.5351053000001684,
    "children": {
        "run_training.setup": {
            "total": 0.26706980000000025,
            "count": 1,
            "self": 0.26706980000000025
        },
        "TrainerController.start_learning": {
            "total": 1319.3693782999999,
            "count": 1,
            "self": 10.841633200065871,
            "children": {
                "TrainerController._reset_env": {
                    "total": 3.3579559,
                    "count": 1,
                    "self": 3.3579559
                },
                "TrainerController.advance": {
                    "total": 1305.052768699934,
                    "count": 195687,
                    "self": 9.76542689989401,
                    "children": {
                        "env_step": {
                            "total": 1095.64808890002,
                            "count": 195687,
                            "self": 290.9380391000493,
                            "children": {
                                "SubprocessEnvManager._take_step": {
                                    "total": 797.4698906999772,
                                    "count": 379319,
                                    "self": 33.98788279992982,
                                    "children": {
                                        "TorchPolicy.evaluate": {
                                            "total": 763.4820079000474,
                                            "count": 377022,
                                            "self": 178.29485350005484,
                                            "children": {
                                                "TorchPolicy.sample_actions": {
                                                    "total": 585.1871543999926,
                                                    "count": 377022,
                                                    "self": 585.1871543999926
                                                }
                                            }
                                        }
                                    }
                                },
                                "workers": {
                                    "total": 7.2401590999934875,
                                    "count": 195686,
                                    "self": 0.0,
                                    "children": {
                                        "worker_root": {
                                            "total": 5248.017444199964,
                                            "count": 379315,
                                            "is_parallel": true,
                                            "self": 3293.0057749,