{
    "name": "root",
    "gauges": {
        "Toio.Policy.Entropy.mean": {
            "value": 1.1000521183013916,
            "min": 0.6461182832717896,
            "max": 2.151632070541382,
            "count": 40
        },
        "Toio.Policy.Entropy.sum": {
            "value": 55120.3125,
            "min": 32379.5703125,
            "max": 108403.5234375,
            "count": 40
        },
        "Toio.Environment.EpisodeLength.mean": {
            "value": 249.0,
            "min": 249.0,
            "max": 249.0,
            "count": 40
        },
        "Toio.Environment.EpisodeLength.sum": {
            "value": 49800.0,
            "min": 49800.0,
            "max": 49800.0,
            "count": 40
        },
        "Toio.Step.mean": {
            "value": 1999750.0,
            "min": 49750.0,
            "max": 1999750.0,
            "count": 40
        },
        "Toio.Step.sum": {
            "value": 1999750.0,
            "min": 49750.0,
            "max": 1999750.0,
            "count": 40
        },
        "Toio.Policy.ExtrinsicValueEstimate.mean": {
            "value": -0.0005425443523563445,
            "min": -0.0017078600358217955,
            "max": 0.04551263153553009,
            "count": 40
        },
        "Toio.Policy.ExtrinsicValueEstimate.sum": {
            "value": -0.1085088700056076,
            "min": -0.34157201647758484,
            "max": 9.102526664733887,
            "count": 40
        },
        "Toio.Environment.CumulativeReward.mean": {
            "value": -0.0013173887902711912,
            "min": -0.005088804685801734,
            "max": -0.0012678558119479143,
            "count": 40
        },
        "Toio.Environment.CumulativeReward.sum": {
            "value": -0.26347775805423823,
            "min": -1.0177609371603467,
            "max": -0.2535711623895829,
            "count": 40
        },
        "Toio.Policy.ExtrinsicReward.mean": {
            "value": -0.0013173887902711912,
            "min": -0.005088804685801734,
            "max": -0.0012678558119479143,
            "count": 40
        },
        "Toio.Policy.ExtrinsicReward.sum": {
            "value": -0.26347775805423823,
            "min": -1.0177609371603467,
            "max": -0.2535711623895829,
            "count": 40
        },
        "Toio.Losses.PolicyLoss.mean": {
            "value": 0.06825633083448059,
            "min": 0.06482457778131144,
            "max": 0.07035006622040109,
            "count": 40
        },
        "Toio.Losses.PolicyLoss.sum": {
            "value": 1.501639278358573,
            "min": 1.44916826240974,
            "max": 1.6033635543403673,
            "count": 40
        },
        "Toio.Losses.ValueLoss.mean": {
            "value": 9.834730297469733e-08,
            "min": 9.834730297469733e-08,
            "max": 0.0008902012834754934,
            "count": 40
        },
        "Toio.Losses.ValueLoss.sum": {
            "value": 2.1636406654433412e-06,
            "min": 2.1636406654433412e-06,
            "max": 0.019584428236460855,
            "count": 40
        },
        "Toio.Policy.LearningRate.mean": {
            "value": 3.7228260318181807e-06,
            "min": 3.7228260318181807e-06,
            "max": 0.00029611875129375,
            "count": 40
        },
        "Toio.Policy.LearningRate.sum": {
            "value": 8.190217269999997e-05,
            "min": 8.190217269999997e-05,
            "max": 0.006514612528462499,
            "count": 40
        },
        "Toio.Policy.Epsilon.mean": {
            "value": 0.10124090909090912,
            "min": 0.10124090909090912,
            "max": 0.19870625000000003,
            "count": 40
        },
        "Toio.Policy.Epsilon.sum": {
            "value": 2.2273000000000005,
            "min": 2.2273000000000005,
            "max": 4.3715375000000005,
            "count": 40
        },
        "Toio.Policy.Beta.mean": {
            "value": 2.2284999999999994e-05,
            "min": 2.2284999999999994e-05,
            "max": 0.0009871918749999996,
            "count": 40
        },
        "Toio.Policy.Beta.sum": {
            "value": 0.0004902699999999999,
            "min": 0.0004902699999999999,
            "max": 0.021718221249999992,
            "count": 40
        },
        "Toio.IsTraining.mean": {
            "value": 1.0,
            "min": 1.0,
            "max": 1.0,
            "count": 40
        },
        "Toio.IsTraining.sum": {
            "value": 1.0,
            "min": 1.0,
            "max": 1.0,
            "count": 40
        }
    },
    "metadata": {
        "timer_format_version": "0.1.0",
        "start_time_seconds": "1677974483",
        "python_version": "3.8.10 (default, Nov 14 2022, 12:59:47) \n[GCC 9.4.0]",
        "command_line_arguments": "/usr/local/bin/mlagents-learn Particle30/Toio.yaml --run-id=particle30-2 --env=Particle30/particle.x86_64 --num-envs=4 --time-scale=1 --no-graphics",
        "mlagents_version": "0.28.0",
        "mlagents_envs_version": "0.28.0",
        "communication_protocol_version": "1.5.0",
        "pytorch_version": "1.8.1+cu102",
        "numpy_version": "1.22.4",
        "end_time_seconds": "1677989575"
    },
    "total": 15091.294667645001,
    "count": 1,
    "self": 4.498258399002225,
    "children": {
        "run_training.setup": {
            "total": 0.22417637499984266,
            "count": 1,
            "self": 0.22417637499984266
        },
        "TrainerController.start_learning": {
            "total": 15086.572232871,
            "count": 1,
            "self": 79.62678618252721,
            "children": {
                "TrainerController._reset_env": {
                    "total": 30.721612106000066,
                    "count": 1,
                    "self": 30.721612106000066
                },
                "TrainerController.advance": {
                    "total": 14976.084062753474,
                    "count": 1042481,
                    "self": 60.277511881900864,
                    "children": {
                        "env_step": {
                            "total": 13897.029909468405,
                            "count": 1042481,
                            "self": 6848.575858926815,
                            "children": {
                                "SubprocessEnvManager._take_step": {
                                    "total": 7003.657480090332,
                                    "count": 2000770,
                                    "self": 353.7013211605981,
                                    "children": {
                                        "TorchPolicy.evaluate": {
                                            "total": 6649.956158929734,
                                            "count": 2000770,
                                            "self": 1534.699005404961,
                                            "children": {
                                                "TorchPolicy.sample_actions": {
                                                    "total": 5115.257153524773,
                                                    "count": 2000770,
                                                    "self": 5115.257153524773
                                                }
                                            }
                                        }
                                    }
                                },
                                "workers": {
                                    "total": 44.79657045125782,
                                    "count": 1042481,
                                    "self": 0.0,
                                    "children": {
                                        "worker_root": {
                                            "total": 60206.41923370359,
                                            "count": 2000768,
                                            "is_parallel": true,