{
    "name": "root",
    "gauges": {
        "Toio.Policy.Entropy.mean": {
            "value": 1.3325252532958984,
            "min": 1.2957926988601685,
            "max": 2.1507158279418945,
            "count": 40
        },
        "Toio.Policy.Entropy.sum": {
            "value": 66471.6875,
            "min": 64878.71875,
            "max": 108355.2109375,
            "count": 40
        },
        "Toio.Environment.EpisodeLength.mean": {
            "value": 249.0,
            "min": 249.0,
            "max": 249.0,
            "count": 40
        },
        "Toio.Environment.EpisodeLength.sum": {
            "value": 49800.0,
            "min": 49800.0,
            "max": 49800.0,
            "count": 40
        },
        "Toio.Step.mean": {
            "value": 1999750.0,
            "min": 49750.0,
            "max": 1999750.0,
            "count": 40
        },
        "Toio.Step.sum": {
            "value": 1999750.0,
            "min": 49750.0,
            "max": 1999750.0,
            "count": 40
        },
        "Toio.Policy.ExtrinsicValueEstimate.mean": {
            "value": -0.0011761094210669398,
            "min": -0.038467828184366226,
            "max": 0.01146234292536974,
            "count": 40
        },
        "Toio.Policy.ExtrinsicValueEstimate.sum": {
            "value": -0.23522189259529114,
            "min": -7.655097961425781,
            "max": 2.292468547821045,
            "count": 40
        },
        "Toio.Environment.CumulativeReward.mean": {
            "value": -0.0023032099825099238,
            "min": -0.002755045224936765,
            "max": -0.001346384348301697,
            "count": 40
        },
        "Toio.Environment.CumulativeReward.sum": {
            "value": -0.4606419965019848,
            "min": -0.551009044987353,
            "max": -0.26793048531203767,
            "count": 40
        },
        "Toio.Policy.ExtrinsicReward.mean": {
            "value": -0.0023032099825099238,
            "min": -0.002755045224936765,
            "max": -0.001346384348301697,
            "count": 40
        },
        "Toio.Policy.ExtrinsicReward.sum": {
            "value": -0.4606419965019848,
            "min": -0.551009044987353,
            "max": -0.26793048531203767,
            "count": 40
        },
        "Toio.Losses.PolicyLoss.mean": {
            "value": 0.06853620626103737,
            "min": 0.06576217513889525,
            "max": 0.07290341399810087,
            "count": 40
        },
        "Toio.Losses.PolicyLoss.sum": {
            "value": 1.5077965377428222,
            "min": 1.4490726663521034,
            "max": 1.64074304540112,
            "count": 40
        },
        "Toio.Losses.ValueLoss.mean": {
            "value": 8.261776296168167e-07,
            "min": 7.541193941630232e-07,
            "max": 0.001114032743668585,
            "count": 40
        },
        "Toio.Losses.ValueLoss.sum": {
            "value": 1.8175907851569966e-05,
            "min": 1.659062667158651e-05,
            "max": 0.024508720360708874,
            "count": 40
        },
        "Toio.Policy.LearningRate.mean": {
            "value": 3.80634873125e-06,
            "min": 3.80634873125e-06,
            "max": 0.00029611875129375,
            "count": 40
        },
        "Toio.Policy.LearningRate.sum": {
            "value": 8.37396720875e-05,
            "min": 8.37396720875e-05,
            "max": 0.006514612528462499,
            "count": 40
        },
        "Toio.Policy.Epsilon.mean": {
            "value": 0.10126875,
            "min": 0.10126875,
            "max": 0.19870625000000003,
            "count": 40
        },
        "Toio.Policy.Epsilon.sum": {
            "value": 2.2279125,
            "min": 2.2279125,
            "max": 4.3715375000000005,
            "count": 40
        },
        "Toio.Policy.Beta.mean": {
            "value": 2.2560625e-05,
            "min": 2.2560625e-05,
            "max": 0.0009871918749999996,
            "count": 40
        },
        "Toio.Policy.Beta.sum": {
            "value": 0.00049633375,
            "min": 0.00049633375,
            "max": 0.021718221249999992,
            "count": 40
        },
        "Toio.IsTraining.mean": {
            "value": 1.0,
            "min": 1.0,
            "max": 1.0,
            "count": 40
        },
        "Toio.IsTraining.sum": {
            "value": 1.0,
            "min": 1.0,
            "max": 1.0,
            "count": 40
        }
    },
    "metadata": {
        "timer_format_version": "0.1.0",
        "start_time_seconds": "1677911579",
        "python_version": "3.8.10 (default, Nov 14 2022, 12:59:47) \n[GCC 9.4.0]",
        "command_line_arguments": "/usr/local/bin/mlagents-learn Particle30/Toio.yaml --run-id=particle30-1 --env=Particle30/particle.x86_64 --num-envs=4 --time-scale=1 --no-graphics",
        "mlagents_version": "0.28.0",
        "mlagents_envs_version": "0.28.0",
        "communication_protocol_version": "1.5.0",
        "pytorch_version": "1.8.1+cu102",
        "numpy_version": "1.22.4",
        "end_time_seconds": "1677925101"
    },
    "total": 13521.937534734001,
    "count": 1,
    "self": 1.4947722780016193,
    "children": {
        "run_training.setup": {
            "total": 0.16042531400012194,
            "count": 1,
            "self": 0.16042531400012194
        },
        "TrainerController.start_learning": {
            "total": 13520.282337142,
            "count": 1,
            "self": 72.07246887179281,
            "children": {
                "TrainerController._reset_env": {
                    "total": 9.909194199000012,
                    "count": 1,
                    "self": 9.909194199000012
                },
                "TrainerController.advance": {
                    "total": 13438.156760509208,
                    "count": 983702,
                    "self": 71.36907067026914,
                    "children": {
                        "env_step": {
                            "total": 12372.93328752102,
                            "count": 983702,
                            "self": 6176.858799443677,
                            "children": {
                                "SubprocessEnvManager._take_step": {
                                    "total": 6152.824418424103,
                                    "count": 2000352,
                                    "self": 277.06345749411594,
                                    "children": {
                                        "TorchPolicy.evaluate": {
                                            "total": 5875.760960929987,
                                            "count": 2000352,
                                            "self": 1251.0845464650502,
                                            "children": {
                                                "TorchPolicy.sample_actions": {
                                                    "total": 4624.676414464937,
                                                    "count": 2000352,
                                                    "self": 4624.676414464937
                                                }
                                            }
                                        }
                                    }
                                },
                                "workers": {
                                    "total": 43.250069653240416,
                                    "count": 983702,
                                    "self": 0.0,
                                    "children": {
                                        "worker_root": {
                                            "total": 53946.64711605119,
                                            "count": 2000352,
                                            "is_parallel": true,
                                            "self": 32133.332752272232,