{
    "name": "root",
    "gauges": {
        "Toio.Policy.Entropy.mean": {
            "value": 0.2049439698457718,
            "min": 0.1906282901763916,
            "max": 0.2896292805671692,
            "count": 131
        },
        "Toio.Policy.Entropy.sum": {
            "value": 2029.7650146484375,
            "min": 1832.319091796875,
            "max": 3016.3359375,
            "count": 131
        },
        "Toio.Environment.EpisodeLength.mean": {
            "value": 31.28802588996764,
            "min": 30.149532710280372,
            "max": 60.98203592814371,
            "count": 131
        },
        "Toio.Environment.EpisodeLength.sum": {
            "value": 9668.0,
            "min": 8289.0,
            "max": 10549.0,
            "count": 131
        },
        "Toio.Step.mean": {
            "value": 1999974.0,
            "min": 699997.0,
            "max": 1999974.0,
            "count": 131
        },
        "Toio.Step.sum": {
            "value": 1999974.0,
            "min": 699997.0,
            "max": 1999974.0,
            "count": 131
        },
        "Toio.Policy.ExtrinsicValueEstimate.mean": {
            "value": 1.0160140991210938,
            "min": 0.9439999461174011,
            "max": 1.0265963077545166,
            "count": 131
        },
        "Toio.Policy.ExtrinsicValueEstimate.sum": {
            "value": 313.9483642578125,
            "min": 162.94662475585938,
            "max": 328.8761291503906,
            "count": 131
        },
        "Toio.Environment.CumulativeReward.mean": {
            "value": 1.332012940764813,
            "min": 1.2562155595082722,
            "max": 1.334064101943603,
            "count": 131
        },
        "Toio.Environment.CumulativeReward.sum": {
            "value": 411.5919986963272,
            "min": 209.78799843788147,
            "max": 427.99999845027924,
            "count": 131
        },
        "Toio.Policy.ExtrinsicReward.mean": {
            "value": 1.332012940764813,
            "min": 1.2562155595082722,
            "max": 1.334064101943603,
            "count": 131
        },
        "Toio.Policy.ExtrinsicReward.sum": {
            "value": 411.5919986963272,
            "min": 209.78799843788147,
            "max": 427.99999845027924,
            "count": 131
        },
        "Toio.Losses.PolicyLoss.mean": {
            "value": 0.06473905785630146,
            "min": 0.05876933744972727,
            "max": 0.07964494583817819,
            "count": 131
        },
        "Toio.Losses.PolicyLoss.sum": {
            "value": 0.3236952892815073,
            "min": 0.23507734979890907,
            "max": 0.3821129058099662,
            "count": 131
        },
        "Toio.Losses.ValueLoss.mean": {
            "value": 0.005919226553911964,
            "min": 0.00461081303122531,
            "max": 0.013430561961528534,
            "count": 131
        },
        "Toio.Losses.ValueLoss.sum": {
            "value": 0.02959613276955982,
            "min": 0.01844325212490124,
            "max": 0.06715280980764267,
            "count": 131
        },
        "Toio.Policy.LearningRate.mean": {
            "value": 8.02809732429991e-07,
            "min": 8.02809732429991e-07,
            "max": 0.0001954946973351125,
            "count": 131
        },
        "Toio.Policy.LearningRate.sum": {
            "value": 4.014048662149955e-06,
            "min": 4.014048662149955e-06,
            "max": 0.00096416672861115,
            "count": 131
        },
        "Toio.Policy.Epsilon.mean": {
            "value": 0.10026757000000001,
            "min": 0.10026757000000001,
            "max": 0.16516488750000002,
            "count": 131
        },
        "Toio.Policy.Epsilon.sum": {
            "value": 0.5013378500000001,
            "min": 0.40499379999999996,
            "max": 0.8213888500000001,
            "count": 131
        },
        "Toio.Policy.Beta.mean": {
            "value": 1.2648942999999972e-05,
            "min": 1.2648942999999972e-05,
            "max": 0.00065513238625,
            "count": 131
        },
        "Toio.Policy.Beta.sum": {
            "value": 6.324471499999986e-05,
            "min": 6.324471499999986e-05,
            "max": 0.003231749615,
            "count": 131
        },
        "Toio.IsTraining.mean": {
            "value": 1.0,
            "min": 1.0,
            "max": 1.0,
            "count": 131
        },
        "Toio.IsTraining.sum": {
            "value": 1.0,
            "min": 1.0,
            "max": 1.0,
            "count": 131
        }
    },
    "metadata": {
        "timer_format_version": "0.1.0",
        "start_time_seconds": "1664937076",
        "python_version": "3.7.13 (default, Mar 28 2022, 08:03:21) [MSC v.1916 64 bit (AMD64)]",
        "command_line_arguments": "C:\\Users\\shunsuke\\anaconda3\\envs\\mlagents\\Scripts\\mlagents-learn config/Toio.yaml --run-id=Toio-volume --time-scale=1 --env=apps/ToioExpUpdate --no-graphics --num-envs=4 --resume",
        "mlagents_version": "0.28.0",
        "mlagents_envs_version": "0.28.0",
        "communication_protocol_version": "1.5.0",
        "pytorch_version": "1.7.1+cu110",
        "numpy_version": "1.21.6",
        "end_time_seconds": "1664940966"
    },
    "total": 3889.7489329,
    "count": 1,
    "self": 0.7331634000001941,
    "children": {
        "run_training.setup": {
            "total": 0.2769010999999999,
            "count": 1,
            "self": 0.2769010999999999
        },
        "TrainerController.start_learning": {
            "total": 3888.7388684,
            "count": 1,
            "self": 36.94687500010741,
            "children": {
                "TrainerController._reset_env": {
                    "total": 3.6450579,
                    "count": 1,
                    "self": 3.6450579
                },
                "TrainerController.advance": {
                    "total": 3848.091658599892,
                    "count": 951956,
                    "self": 34.34604289971776,
                    "children": {
                        "env_step": {
                            "total": 3163.8031882000123,
                            "count": 951956,
                            "self": 914.7045691000644,
                            "children": {
                                "SubprocessEnvManager._take_step": {
                                    "total": 2225.6563382998133,
                                    "count": 1344869,
                                    "self": 101.45176219967789,
                                    "children": {
                                        "TorchPolicy.evaluate": {
                                            "total": 2124.2045761001355,
                                            "count": 1308574,
                                            "self": 504.59144889995014,
                                            "children": {
                                                "TorchPolicy.sample_actions": {
                                                    "total": 1619.6131272001853,
                                                    "count": 1308574,
                                                    "self": 1619.6131272001853
                                                }
                                            }
                                        }
                                    }
                                },
                                "workers": {
                                    "total": 23.442280800134544,
                                    "count": 951956,
                                    "self": 0.0,
                                    "children": {
                                        "worker_root": {
                                            "total": 15488.86911519994,
                                            "count": 1344867,
                                            "is_parallel": true,